index,Labels
546,HYKNFT
1,GLPCUN
3,CHJKUU
7,PCUAKC
8,UHGFHA
10,BUYPAT
11,UXRTXN
12,FECLLL
19,NJGBNY
22,FHPCEJ
39,YRCNFA
42,BFXGYJ
48,EBLLFX
55,NYEKXB
58,FJPAYB
59,PRJRUT
60,JYHBKN
64,EGHXTX
75,RPYPNR
93,PBNNAB
94,UJCPMY
95,MMALFY
96,NYGBMH
97,TEEJKR
98,BKKPFJ
100,JRBPHL
102,YJLRLE
103,BRMKTJ
105,FXFCME
108,JYNGAJ
109,GGJKBH
110,BBBUUB
111,FCUMGT
112,NXAFET
113,KCPECK
114,PHTPNE
117,PYBGMM
119,CCXBKL
120,AGHHLT
121,KHRKXJ
122,GURFTR
131,TANXYP
136,RGUKUT
140,RGELCC
141,PFPXNP
143,JRARPT
145,HHRXBP
146,PCPHUT
148,HLFHGK
149,TGYFJK
150,FPJMMR
151,FUXEKK
152,GXGLAX
153,XNULPP
154,CTLXYB
155,FTENNB
156,KAJEJA
159,FPKGTR
160,BBGEGN
161,XTTUYJ
162,RTPRTM
163,LJCJNM
164,HXNHME
165,HTJJXK
166,HLARUB
167,LPLBUB
168,UYJHBM
169,ETEGEG
170,URCHNG
172,JNRYRT
173,XMGJFJ
175,JNBAEK
176,NCFRTK
177,JBCAMB
178,MPPECR
179,CUTBHN
180,CNHFYE
181,PGXCAJ
182,GEJMYB
189,XXERAP
198,YELURL
231,MTARUL
240,CCXCBX
242,PXABNB
248,UTMHUC
249,MBTCFA
251,MGKXER
253,LMHXGR
254,YRHKXR
256,CLMTYN
263,GCPRFL
265,CGAPLG
266,GHUMEE
273,JCCEYX
275,LLUXRK
276,TUNUJU
277,PKJRTM
279,BEYPNR
280,PNLHCG
281,RTFHAP
282,NMJMRM
283,XARYHR
284,CUJBBY
285,BTYXHY
286,YPLGXN
287,HNBNFP
288,TLAHPY
289,JTCJTL
292,NXFHEB
293,CBTKMB
294,UFFNXH
296,NFTXJN
297,FEKTFH
299,XLTXXE
300,GNGFRL
301,RKCLXM
302,PTJGNY
304,EJPTGJ
308,RKHBXY
309,MGPBMN
311,ALECKG
313,CRNTLL
315,KRRUCJ
317,TJKXET
321,LJMLGA
322,LHJUXM
323,HECBRM
325,CNLARR
326,LURKXU
329,HNBECR
332,KCYEKF
351,XLCYGP
353,RBMYHY
354,RXLMXU
359,YPTGGX
360,TBBFMP
361,TUEMKB
363,AJJLKR
364,UYGCEU
365,FTMXLU
366,PNAFRA
368,LMRNHJ
369,JKUUJT
371,BGUYFP
375,LKMCLG
376,UFLEMP
388,GMGXYP
394,RHBAKR
417,TAGJGA
419,TLBHMX
424,HXFKPT
454,TTUKFG
472,TJLBRN
473,JHJBTY
474,RUALXF
475,YKENRX
476,HEEEPM
479,JCKTAG
482,MHKTHJ
484,MMFCJK
485,BXYKEC
487,EXKKCK
488,BGFJNL
492,UKMRNG
495,FJJRYU
496,AFCUFA
497,BEEAHL
498,CUETFC
500,TERKTK
501,BJMLKE
504,MKPMLE
505,GGLNGR
506,JNKRBL
507,LXJPEN
508,AYUTCU
509,BLHRAF
511,BCTNPF
512,LTUCXA
513,ANENGM
514,TXFXFL
515,LJAHLP
516,CYCPMX
517,PBAENB
518,UPNKMY
519,MFHJRH
521,CLPPAY
522,BTRFRX
523,KYRHCU
524,GJERXL
526,BPLLMU
532,AHAFGT
534,CPCTPE
535,RUAMML
537,PPGAME
539,ABXTXM
540,MPFGKB
541,CAKCJE
542,RTEFKL
543,FMLLJN
545,NKMKTN